{
    "pending": {},
    "lastpayout": 1512381602,
    "accounts": {
        "1588038047327284154X": {
            "pending": 0.14812075732623028,
            "received": 0.0
        },
        "3940749862091741047X": {
            "pending": 1.9356005660575006,
            "received": 0.0
        },
        "17970003901617222094X": {
            "pending": 2.447490787594317,
            "received": 0.0
        },
        "13512734035668684093X": {
            "pending": 0.008952615489428172,
            "received": 0.0
        },
        "7799758540718991129X": {
            "pending": 1.2702507931856855,
            "received": 0.0
        },
        "14388438038599371663X": {
            "pending": 1.6419855670668153,
            "received": 0.0
        },
        "14363104981038560817X": {
            "pending": 0.9298611906668195,
            "received": 0.0
        },
        "15894605465188873296X": {
            "pending": 0.37312876108289605,
            "received": 0.0
        },
        "9252532455319077872X": {
            "pending": 0.05242593626034186,
            "received": 0.0
        },
        "3940352954079066580X": {
            "pending": 0.1671843562683269,
            "received": 0.0
        },
        "11259068945723007335X": {
            "pending": 0.23570455238836976,
            "received": 0.0
        },
        "16185976842973071699X": {
            "pending": 148.68532538382115,
            "received": 7.552880543890679
        },
        "15690262414729134939X": {
            "pending": 2.76331218326436,
            "received": 0.0
        },
        "6588316208816318028X": {
            "pending": 0.605684063137873,
            "received": 0.0
        },
        "8710632375507350527X": {
            "pending": 166.42297435929638,
            "received": 8.453684798394072
        },
        "903208757767378296X": {
            "pending": 7.502256191774782,
            "received": 0.0
        },
        "16531632392248902658X": {
            "pending": 2.9053601988985767,
            "received": 0.0
        },
        "3137788680851415743X": {
            "pending": 148.69183263694768,
            "received": 7.553601882676842
        },
        "5937417234998118285X": {
            "pending": 0.000666522440481255,
            "received": 0.0
        },
        "5289156034387765240X": {
            "pending": 1.7967655241016673,
            "received": 0.0
        },
        "17420279646840303304X": {
            "pending": 0.0169223700841462,
            "received": 0.0
        },
        "11101199507522725783X": {
            "pending": 1.3780236205305998,
            "received": 0.0
        },
        "61102680534165302X": {
            "pending": 1.372629592256741,
            "received": 0.0
        },
        "15693594491102374178X": {
            "pending": 0.00020221724862543326,
            "received": 0.0
        },
        "1327064108580837833X": {
            "pending": 5.514158773901715,
            "received": 0.0
        },
        "1896049420551382466X": {
            "pending": 3.199412884903448,
            "received": 0.0
        },
        "16019846692454297132X": {
            "pending": 0.3955326603039187,
            "received": 0.0
        },
        "12073978727827205683X": {
            "pending": 0.008750129449687982,
            "received": 0.0
        },
        "613398322022804028X": {
            "pending": 0.3768727020191149,
            "received": 0.0
        },
        "12222084746070948772X": {
            "pending": 0.668575830412248,
            "received": 0.0
        },
        "217017965907143111X": {
            "pending": 0.8244866789870378,
            "received": 0.0
        },
        "15305667705311763996X": {
            "pending": 5.154568966292739,
            "received": 0.0
        },
        "9081215407666572549X": {
            "pending": 0.023775106018018577,
            "received": 0.0
        },
        "6425768345738771490X": {
            "pending": 5.615023301744555,
            "received": 0.0
        },
        "18330073778989655293X": {
            "pending": 0.05601499381619559,
            "received": 0.0
        }
    }
}