{
    "accounts": {
        "12073978727827205683X": {
            "received": 0.0,
            "pending": 0.00034846269234224144
        },
        "12222084746070948772X": {
            "received": 0.0,
            "pending": 0.03232153855732233
        },
        "7799758540718991129X": {
            "received": 0.0,
            "pending": 0.06142024473452512
        },
        "6588316208816318028X": {
            "received": 0.0,
            "pending": 0.029290072794116148
        },
        "8710632375507350527X": {
            "received": 8.453684798394072,
            "pending": 0.0
        },
        "9081215407666572549X": {
            "received": 0.0,
            "pending": 0.001049236253928676
        },
        "9252532455319077872X": {
            "received": 0.0,
            "pending": 0.002172854825706014
        },
        "3137788680851415743X": {
            "received": 7.553601882676842,
            "pending": 0.0
        },
        "1588038047327284154X": {
            "received": 0.0,
            "pending": 0.006506668592366783
        },
        "13512734035668684093X": {
            "received": 0.0,
            "pending": 0.00035597568556355066
        },
        "11259068945723007335X": {
            "received": 0.0,
            "pending": 0.011399232539633139
        },
        "14363104981038560817X": {
            "received": 0.0,
            "pending": 0.04496848836289868
        },
        "16185976842973071699X": {
            "received": 7.552880543890679,
            "pending": 0.0
        }
    },
    "pending": {},
    "lastpayout": 1512032404
}